PCA,n_events,within_mean,across_mean,mean_diff,z,p_two_tailed
Mean_PCA_1,55,0.06018328425675557,-0.020334492067325377,0.08051777632408094,1.2153505681897825,0.22399999999999975
