PCA,video,event_index,within_mean,across_mean,z,p,n_pairs
Mean_PCA_5,12 years_6m.mp4,2,0.5289166751887117,-0.1290135806066059,1.2810566571095103,0.2919999999999998,3
Mean_PCA_5,12 years_6m.mp4,3,0.4146040941265698,-0.2583313343432804,5.311299025598253,0.0,21
Mean_PCA_5,12 years_6m.mp4,4,-0.3781669719803131,-0.22135178580710332,-0.27225064240354513,0.9259999999999999,1
Mean_PCA_5,12 years_6m.mp4,5,0.6949286015220835,-0.45576639397284274,4.124987055987689,0.0,1
Mean_PCA_5,12 years_6m.mp4,6,-0.019378558746725626,-0.013958365061684479,-0.03672402303645281,0.9880000000000001,15
Mean_PCA_5,12 years_6m.mp4,7,0.004104006411372462,0.31452929831365534,-1.609093228033286,0.128,6
