PCA,video,event_index,within_mean,across_mean,z,p,n_pairs
Mean_PCA_5,back to the future_6m.mp4,2,0.1464297145689672,0.12847462351045508,0.1571734031395358,0.8919999999999999,10
Mean_PCA_5,back to the future_6m.mp4,3,-0.08383850766165857,0.3193045005237067,-2.671570200392075,0.014000000000000002,15
Mean_PCA_5,back to the future_6m.mp4,4,-0.02185192777636093,0.07953149372722075,-0.7851434701699124,0.43400000000000005,28
Mean_PCA_5,back to the future_6m.mp4,6,-0.2593597351669958,-0.4017047327653285,0.25622605462641146,0.926,1
Mean_PCA_5,back to the future_6m.mp4,7,0.8161748472665021,-0.15493079218747102,3.8867829828855873,0.0,1
