PCA,video,event_index,within_mean,across_mean,z,p,n_pairs
Mean_PCA_5,Movie Task-summer,1,-0.00203949106742721,-0.015300903042486153,2.0078609235920855,0.0,10
Mean_PCA_5,Movie Task-summer,2,0.4334290759247551,0.3853031047459294,0.13329495090023796,0.926,1
Mean_PCA_5,Movie Task-summer,3,0.6660486206517598,0.5758704512790472,0.6043448412430996,0.34199999999999986,3
Mean_PCA_5,Movie Task-summer,4,0.33465842369469073,0.47323764205685676,-1.1443808109525662,0.47200000000000003,3
Mean_PCA_5,Movie Task-summer,5,0.9850981690155726,0.6521964687310594,4.047026699400299,0.0,6
Mean_PCA_5,Movie Task-summer,6,0.5209221900560642,0.6452466750671088,-7.723509917102047,0.0,1
Mean_PCA_5,Movie Task-summer,7,0.3426528022749393,0.36103473265471075,-0.14535651470153993,0.9380000000000002,6
Mean_PCA_5,Movie Task-summer,8,0.20332892110481066,0.484705749360107,-4.571501167740551,0.0,66
Mean_PCA_5,Movie Task-summer,11,1.0,,,,1
