PCA,video,event_index,within_mean,across_mean,z,p,n_pairs
Mean_PCA_5,Movie Task-c4,4,-0.0256674529419361,0.550672517810629,-1.1910201544051238,0.0,1
Mean_PCA_5,Movie Task-c4,5,0.12731579096075743,0.24825954888521273,-0.5852821274597846,0.602,6
Mean_PCA_5,Movie Task-c4,6,-0.06083296569803787,-0.03042349949231462,-0.50735263392609,0.5980000000000001,15
Mean_PCA_5,Movie Task-c4,7,-0.044247984918673204,-0.18897506213672732,1.123279804853,0.34199999999999986,3
Mean_PCA_5,Movie Task-c4,9,-0.08976110416360947,0.042285145509915835,-1.425730091953844,0.16,36
Mean_PCA_5,Movie Task-c4,10,-0.04469565626255976,-0.032583846462103785,-0.11634655204516282,0.8880000000000001,45
Mean_PCA_5,Movie Task-c4,11,-0.4027514138820717,-0.5579174615345569,0.37799841958940467,0.926,1
