PCA,video,event_index,within_mean,across_mean,z,p,n_pairs
Mean_PCA_5,pulp_fiction_6m.mp4,1,-1.0,,,,1
Mean_PCA_5,pulp_fiction_6m.mp4,2,-0.3333333333333333,-0.5601244607308435,0.7710863865307203,0.611,3
Mean_PCA_5,pulp_fiction_6m.mp4,3,-0.05544937054584457,-0.14712968257878417,0.7374817546737209,0.45399999999999974,21
Mean_PCA_5,pulp_fiction_6m.mp4,4,-0.12081372159528798,-0.06955040568677694,-0.5224325699474792,0.616,21
Mean_PCA_5,pulp_fiction_6m.mp4,5,-0.06978115979785454,0.10532918522662564,-1.4104363692788795,0.14400000000000002,6
Mean_PCA_5,pulp_fiction_6m.mp4,6,-0.6500699793327314,-0.4271844562207,-0.3613020446858152,0.9259999999999999,1
