PCA,video,event_index,within_mean,across_mean,z,p,n_pairs
Mean_PCA_5,shawshank clip_6m.mp4,2,-0.19314876748362808,0.11137296522344294,-1.1105355664070382,0.262,6
Mean_PCA_5,shawshank clip_6m.mp4,3,0.5768303573143669,-0.3238501179737833,6.8018827682494525,0.0,15
Mean_PCA_5,shawshank clip_6m.mp4,4,-0.9405655094995286,-0.49874726548445036,-0.9492564083647648,0.926,1
Mean_PCA_5,shawshank clip_6m.mp4,5,-0.09091538842318696,0.17847118218986746,-1.3303434362716597,0.188,6
Mean_PCA_5,shawshank clip_6m.mp4,6,-0.015669267438591563,0.13366865312374085,-0.8601967932996167,0.42,10
Mean_PCA_5,shawshank clip_6m.mp4,7,0.6839484412271014,-0.23645355694327025,10.211634263946447,0.0,1
