PCA,video,event_index,within_mean,across_mean,z,p,n_pairs
Mean_PCA_5,the_prestige_6m.mp4,1,-0.08235049048538733,-0.4748840919948641,10.26344935064393,0.0,3
Mean_PCA_5,the_prestige_6m.mp4,2,-0.1762340926243815,-0.08282573463946487,-0.23519897704597914,0.642,3
Mean_PCA_5,the_prestige_6m.mp4,4,1.0,0.9614981106085781,1.0769527444706588,0.46199999999999997,1
Mean_PCA_5,the_prestige_6m.mp4,5,-0.02864578921063136,0.03566542570181496,-0.5034618992932139,0.654,28
Mean_PCA_5,the_prestige_6m.mp4,6,0.38439709491922386,-0.07825115074270732,4.800101037505125,0.0,28
