mean_diff,weighted_diff,mean_z,weighted_z,fisher_stat,combined_p
0.7041815607648768,0.37742648638623216,1.816366905383673,1.8308002375457648,938.8140531649617,1.237139932388088e-131
