Mean_Cross,Mean_Within,Delta,t,p,N_cross,N_within
-0.05410742215939791,-0.003205812764621881,-0.050901609394776025,-1.9980822569411627,0.04575691661204287,2911,2600
