PCA,video,event_index,within_mean,across_mean,z,p,n_pairs
Mean_PCA_2,12 years_6m.mp4,2,-0.2405252441440413,-0.2146294993657375,-0.11840799742112522,0.7780000000000001,3
Mean_PCA_2,12 years_6m.mp4,3,0.2557256308606769,0.107377340595387,1.5246356892029385,0.11799999999999988,21
Mean_PCA_2,12 years_6m.mp4,4,-0.0791932158603237,0.3585559084835094,-1.4543624970811653,0.0,1
Mean_PCA_2,12 years_6m.mp4,5,-0.0178617489280335,0.03151418734317476,-1.118111729938659,0.0,1
Mean_PCA_2,12 years_6m.mp4,6,-0.026967740083201013,0.16122403036797658,-1.4304444803372687,0.17800000000000002,15
Mean_PCA_2,12 years_6m.mp4,7,-0.06799460288484087,0.21941739434394117,-1.5682264247529423,0.11200000000000002,6
