PCA,video,event_index,within_mean,across_mean,z,p,n_pairs
Mean_PCA_2,back to the future_6m.mp4,2,-0.08960307260517024,0.06215824173013594,-1.190822037652835,0.264,10
Mean_PCA_2,back to the future_6m.mp4,3,-0.07107583803716475,0.2119687564005947,-1.8483000151976805,0.08200000000000002,15
Mean_PCA_2,back to the future_6m.mp4,4,-0.08480417962488238,0.1724074486949774,-2.593838996011484,0.006000000000000001,28
Mean_PCA_2,back to the future_6m.mp4,6,-0.1849231579500903,0.42194774771649723,-1.1563162690220117,0.0,1
Mean_PCA_2,back to the future_6m.mp4,7,-1.0,0.7365576874626938,-10.827879193774733,0.0,1
