PCA,video,event_index,within_mean,across_mean,z,p,n_pairs
Mean_PCA_2,Movie Task-c4,4,0.0044549456520498,0.17433812180606584,-1.2543495623965548,0.0,1
Mean_PCA_2,Movie Task-c4,5,-0.1187762632730333,0.16369793128871593,-3.3661783572408583,0.0,6
Mean_PCA_2,Movie Task-c4,6,-0.05583449543050123,0.08515224408456004,-1.063642561848713,0.3,15
Mean_PCA_2,Movie Task-c4,7,-0.3333333333333333,0.10662043422985647,-1.4101042352747153,0.12200000000000001,3
Mean_PCA_2,Movie Task-c4,9,-0.04194203312724728,0.004540746997747384,-0.6167855552559308,0.548,36
Mean_PCA_2,Movie Task-c4,10,-0.05121313815714548,-0.028781849709916672,-0.2855614679601647,0.7660000000000001,45
Mean_PCA_2,Movie Task-c4,11,-1.0,-0.7731962464483952,-0.9285458485845756,0.538,1
