PCA,video,event_index,within_mean,across_mean,z,p,n_pairs
Mean_PCA_2,Movie Task-summer,1,-0.2,0.048123593541562946,-1.7788198474345034,0.09600000000000002,10
Mean_PCA_2,Movie Task-summer,2,0.0014867685233234,0.48468595292809996,-1.0778671125870918,0.0,1
Mean_PCA_2,Movie Task-summer,3,-0.28555467458025596,0.15160452289669382,-1.6851560180943748,0.0,3
Mean_PCA_2,Movie Task-summer,4,-0.16226298095176359,0.23808090081183694,-1.254048089747415,0.23,3
Mean_PCA_2,Movie Task-summer,5,0.6252365336894806,0.12306654409679565,2.4202018954231344,0.007999999999999785,6
Mean_PCA_2,Movie Task-summer,6,0.0238018321521687,0.008974126655420066,0.3023312985647129,0.926,1
Mean_PCA_2,Movie Task-summer,7,0.050786440122880805,0.05012306167535823,0.019713038373243705,0.944,6
Mean_PCA_2,Movie Task-summer,8,0.05806994720171392,-0.00754558469298342,1.1975067273527695,0.22199999999999998,66
Mean_PCA_2,Movie Task-summer,11,-1.0,-0.6651781053178445,-0.9285458485845758,0.538,1
