PCA,video,event_index,within_mean,across_mean,z,p,n_pairs
Mean_PCA_2,pulp_fiction_6m.mp4,1,0.2430584343157513,0.17837868557949194,2330333538456280.0,0.0,1
Mean_PCA_2,pulp_fiction_6m.mp4,2,-0.022221898606796686,0.1512697124715452,-0.9601520160401991,0.12,3
Mean_PCA_2,pulp_fiction_6m.mp4,3,-0.13965846905150997,-0.09721248904399687,-0.3961039946158429,0.682,21
Mean_PCA_2,pulp_fiction_6m.mp4,4,-0.05277969946029001,-0.08973273986505673,0.46579591830592504,0.6540000000000001,21
Mean_PCA_2,pulp_fiction_6m.mp4,5,-0.04514650757964498,-0.23820849692898974,0.9135278790240151,0.4079999999999999,6
Mean_PCA_2,pulp_fiction_6m.mp4,6,1.0,-0.5897983227430388,4.173892408929486,0.0,1
