PCA,video,event_index,within_mean,across_mean,z,p,n_pairs
Mean_PCA_2,shawshank clip_6m.mp4,2,-0.026545794401648365,-0.005987605326126484,-1.9693650834264986,0.054000000000000006,6
Mean_PCA_2,shawshank clip_6m.mp4,3,0.08203001735320946,-0.15557225926013774,3.3679472584476953,0.0,15
Mean_PCA_2,shawshank clip_6m.mp4,4,1.0,-0.541880042467194,67.70630075338521,0.0,1
Mean_PCA_2,shawshank clip_6m.mp4,5,-0.09560120696420489,-0.2816068626783716,1.008607259861097,0.32799999999999985,6
Mean_PCA_2,shawshank clip_6m.mp4,6,-0.10220385281050992,-0.07168083830895443,-0.21332417994037273,0.8080000000000002,10
Mean_PCA_2,shawshank clip_6m.mp4,7,1.0,-0.48034055507312245,2.6451247837859517,0.0,1
