PCA,video,event_index,within_mean,across_mean,z,p,n_pairs
Mean_PCA_2,the_prestige_6m.mp4,1,0.11398261601498909,0.03271171592679667,2.0584723295411917,0.0,3
Mean_PCA_2,the_prestige_6m.mp4,2,-0.1863487830727281,0.29666330571044913,-1.9061543724334575,0.0,3
Mean_PCA_2,the_prestige_6m.mp4,4,-0.2120667764957317,-0.12863384617599394,-0.6737498576163902,0.926,1
Mean_PCA_2,the_prestige_6m.mp4,5,-0.041774956443715615,0.021992492283764677,-0.9251253055544061,0.332,28
Mean_PCA_2,the_prestige_6m.mp4,6,-0.04783606557000447,-0.1581143618321352,1.052475554456518,0.2779999999999998,28
