mean_diff,weighted_diff,mean_z,weighted_z,fisher_stat,combined_p
0.6879946034339771,0.3911627774847668,1.7914345133887999,2.010695450127997,929.5598154684089,7.41633522693696e-130
