PCA,n_events,within_mean,across_mean,mean_diff,z,p_two_tailed
Mean_PCA_4,55,-0.08825796459354188,0.011637564334504977,-0.09989552892804686,-1.596061263084391,0.11800000000000001
