PCA,n_events,within_mean,across_mean,mean_diff,z,p_two_tailed
Mean_PCA_3,55,0.006674275393460621,0.03953472664117765,-0.03286045124771703,-0.5632162436586278,0.534
