PCA,n_events,within_mean,across_mean,mean_diff,z,p_two_tailed
Mean_PCA_2,55,-0.010874799443987343,0.05491373751282676,-0.0657885369568141,-0.8623833451199349,0.396
