r_obs,p_perm,N_perm,n_videos
0.0819384435009056,0.027972027972027972,1000,8
