PCA,video,event_index,within_mean,across_mean,z,p,n_pairs
Mean_PCA_4,12 years_6m.mp4,2,-0.03801873974546123,0.03008405359320729,-0.46827986419487344,0.54,3
Mean_PCA_4,12 years_6m.mp4,3,0.029427336475901594,-0.01352084218287734,0.5535215706687892,0.5759999999999998,21
Mean_PCA_4,12 years_6m.mp4,4,-0.0345260833215286,-0.15097021646881184,0.5487835110928875,0.926,1
Mean_PCA_4,12 years_6m.mp4,5,-0.5846034444594228,-0.5156769346039971,-0.13214614202061412,0.9259999999999999,1
Mean_PCA_4,12 years_6m.mp4,6,-0.18205460989270436,0.007554439590222647,-1.073868819155967,0.29400000000000004,15
Mean_PCA_4,12 years_6m.mp4,7,-0.0193409143317657,0.13283126771810583,-0.5838634957963377,0.5940000000000001,6
