PCA,video,event_index,within_mean,across_mean,z,p,n_pairs
Mean_PCA_4,back to the future_6m.mp4,2,-0.0026340624824317703,-0.00974183361232123,0.06989367184373561,0.964,10
Mean_PCA_4,back to the future_6m.mp4,3,-0.0321128844006953,-0.10276973173826974,0.5024601063422952,0.6279999999999999,15
Mean_PCA_4,back to the future_6m.mp4,4,-0.06368034849300784,-0.006131942606183467,-0.4209493533748968,0.654,28
Mean_PCA_4,back to the future_6m.mp4,6,-0.3898165641628393,0.37113541821805107,-1.1235786283428768,0.0,1
Mean_PCA_4,back to the future_6m.mp4,7,-0.5407632067724466,0.6295173282395536,-3.401877955567925,0.0,1
