PCA,video,event_index,within_mean,across_mean,z,p,n_pairs
Mean_PCA_4,Movie Task-summer,1,0.6166829310909239,0.2591904012151681,14.754639349842265,0.0,10
Mean_PCA_4,Movie Task-summer,2,0.1862795386380689,0.3051774922274233,-0.7529163891847122,0.926,1
Mean_PCA_4,Movie Task-summer,3,0.06453732399826477,0.28903483994070495,-1.3886482320511302,0.306,3
Mean_PCA_4,Movie Task-summer,4,-0.21311091788264866,-0.018683944636399233,-0.8242068109467122,0.47600000000000003,3
Mean_PCA_4,Movie Task-summer,5,-0.13933599535025515,-0.041438135264134035,-0.7161724294236562,0.45,6
Mean_PCA_4,Movie Task-summer,6,0.0049346301384863,0.05516146418206511,-4.063257267808247,0.0,1
Mean_PCA_4,Movie Task-summer,7,-0.2725705490595595,-0.06841573196351435,-1.0624102732130338,0.3,6
Mean_PCA_4,Movie Task-summer,8,-0.04319696019064349,-0.005958262461575557,-0.5406616067003063,0.602,66
Mean_PCA_4,Movie Task-summer,11,-1.0,0.5775425352441982,-6.7186552610866865,0.0,1
