PCA,video,event_index,within_mean,across_mean,z,p,n_pairs
Mean_PCA_4,Movie Task-c4,4,-0.257031334737417,-0.17870096448912504,-0.10357420492898094,0.9259999999999999,1
Mean_PCA_4,Movie Task-c4,5,-0.2100755235787067,-0.22616558559005542,0.08770360643571234,0.9299999999999999,6
Mean_PCA_4,Movie Task-c4,6,0.30254140671922186,-0.09049522435424426,2.767325756852346,0.0039999999999997815,15
Mean_PCA_4,Movie Task-c4,7,-0.391293639569296,-0.25654255137891363,-0.4444900655373649,0.9520000000000001,3
Mean_PCA_4,Movie Task-c4,9,-0.021493868538407606,0.0885357134549916,-1.4941991817148261,0.138,36
Mean_PCA_4,Movie Task-c4,10,-0.02368868537700627,-0.1297497048849738,1.7077376285179,0.08799999999999986,45
Mean_PCA_4,Movie Task-c4,11,0.5116713748104368,-0.061113008364678784,1.27266039661709,0.0,1
