PCA,video,event_index,within_mean,across_mean,z,p,n_pairs
Mean_PCA_4,pulp_fiction_6m.mp4,1,-1.0,,,,1
Mean_PCA_4,pulp_fiction_6m.mp4,2,-0.004064384323055707,-0.21479266990915544,1.636206369468194,0.11199999999999988,3
Mean_PCA_4,pulp_fiction_6m.mp4,3,-0.08130502065440295,-0.11586862602929787,0.41109911167674834,0.6719999999999999,21
Mean_PCA_4,pulp_fiction_6m.mp4,4,-0.0706226503824196,0.04550136492299655,-0.8842468876260263,0.386,21
Mean_PCA_4,pulp_fiction_6m.mp4,5,-0.16155414776388052,0.1738954850070793,-1.6549020367652483,0.09,6
Mean_PCA_4,pulp_fiction_6m.mp4,6,-0.300701699540423,0.41350733509371596,-1.3682310575021994,0.0,1
