PCA,video,event_index,within_mean,across_mean,z,p,n_pairs
Mean_PCA_4,shawshank clip_6m.mp4,2,0.04238703015223553,-0.38203683559168744,1.7852453087359743,0.041999999999999815,6
Mean_PCA_4,shawshank clip_6m.mp4,3,-0.08221065004322782,-0.03696466170512474,-0.41369343430319105,0.664,15
Mean_PCA_4,shawshank clip_6m.mp4,4,-0.8631735915184571,-0.2562909035275798,-3.193329004824258,0.0,1
Mean_PCA_4,shawshank clip_6m.mp4,5,0.002976461699380572,-0.14138277168162378,0.8138228583527779,0.42999999999999994,6
Mean_PCA_4,shawshank clip_6m.mp4,6,-0.09809326961450424,-0.07450368545278421,-0.18634762666492444,0.8780000000000001,10
Mean_PCA_4,shawshank clip_6m.mp4,7,0.2149175458234413,-0.0991868772203918,2.0083657016919907,0.0,1
