PCA,video,event_index,within_mean,across_mean,z,p,n_pairs
Mean_PCA_4,the_prestige_6m.mp4,1,-0.29084655763743716,0.5519396973891207,-3.6817677916352807,0.0,3
Mean_PCA_4,the_prestige_6m.mp4,2,-0.2296056901898972,0.5600828072942459,-4.493100196689158,0.0,3
Mean_PCA_4,the_prestige_6m.mp4,4,0.0040086306187085,-0.0133654774361943,0.26130949702826906,0.9259999999999999,1
Mean_PCA_4,the_prestige_6m.mp4,5,-0.09208056914464935,-0.021113864812069973,-0.7956391178289499,0.4040000000000001,28
Mean_PCA_4,the_prestige_6m.mp4,6,-0.05221885948060594,0.02167240162851779,-0.8538586227350858,0.43200000000000005,28
