mean_diff,weighted_diff,mean_z,weighted_z,fisher_stat,combined_p
0.7316373134913924,0.44165428635480053,1.9642062015679833,2.2648636311259445,978.7114391126138,2.5268690013683597e-139
