PCA,video,event_index,within_mean,across_mean,z,p,n_pairs
Mean_PCA_1,12 years_6m.mp4,2,-0.391973875780913,-0.3535573762268326,-0.18943872874699733,0.97,3
Mean_PCA_1,12 years_6m.mp4,3,-0.03863976738643194,-0.05790613114294481,0.1654232965272094,0.8899999999999999,21
Mean_PCA_1,12 years_6m.mp4,4,0.8643440721632665,0.5617530852093184,2.0466981229917636,0.0,1
Mean_PCA_1,12 years_6m.mp4,5,0.0541755601741301,0.2919217153355194,-0.6289230304540748,0.9259999999999999,1
Mean_PCA_1,12 years_6m.mp4,6,-0.054517079038487605,0.11883721806338517,-1.4285689871540983,0.15600000000000003,15
Mean_PCA_1,12 years_6m.mp4,7,0.11206633006481392,-0.10929399472221249,0.7397054689051387,0.524,6
