PCA,video,event_index,within_mean,across_mean,z,p,n_pairs
Mean_PCA_1,Movie Task-summer,1,-0.12320022606028784,-0.03919807832888758,-0.9570006657313829,0.32,10
Mean_PCA_1,Movie Task-summer,2,-0.3953852274845493,0.39902413226490313,-3.561026349719118,0.0,1
Mean_PCA_1,Movie Task-summer,3,-0.22205371614229844,0.06285818687893024,-1.6036866185448948,0.0,3
Mean_PCA_1,Movie Task-summer,4,-0.23738176176038098,0.0197587610745591,-1.5396911507460893,0.0,3
Mean_PCA_1,Movie Task-summer,5,0.0,-0.2908294033292232,1.0549441152687835,0.30000000000000004,6
Mean_PCA_1,Movie Task-summer,6,-0.0222118152951175,-0.4075360630901963,0.8517210202811312,0.926,1
Mean_PCA_1,Movie Task-summer,7,-0.19826735225472114,-0.0731220097853424,-0.7478530858137824,0.49400000000000005,6
Mean_PCA_1,Movie Task-summer,8,-0.04242662944299187,0.007616342342229533,-0.738344555030323,0.48400000000000004,66
Mean_PCA_1,Movie Task-summer,11,0.3233456677158629,-0.18251757392583676,2.3949172752721792,0.0,1
