PCA,video,event_index,within_mean,across_mean,z,p,n_pairs
Mean_PCA_1,Movie Task-c4,4,0.4170564285461099,0.3480801903627296,0.3996422119333347,0.926,1
Mean_PCA_1,Movie Task-c4,5,0.13683486382674437,-0.027333620578236194,0.6077049305994282,0.5479999999999998,6
Mean_PCA_1,Movie Task-c4,6,0.03180075452044576,0.105359756630361,-0.38467199871926133,0.7440000000000001,15
Mean_PCA_1,Movie Task-c4,7,-0.11163642092244037,0.30216537487708717,-1.6591127874268954,0.15,3
Mean_PCA_1,Movie Task-c4,9,-0.09425656566080548,0.1292318444697899,-2.71387011812299,0.004,36
Mean_PCA_1,Movie Task-c4,10,0.260370570058463,0.07464220420266669,2.1028010672331696,0.041999999999999815,45
Mean_PCA_1,Movie Task-c4,11,-1.0,-0.49776109055277706,-0.9285458485845757,0.538,1
