PCA,video,event_index,within_mean,across_mean,z,p,n_pairs
Mean_PCA_1,pulp_fiction_6m.mp4,1,0.4640469388543944,-0.6722799876934704,1.023512304594405e+16,0.0,1
Mean_PCA_1,pulp_fiction_6m.mp4,2,0.120240722002156,-0.32854778244350297,2.147527043181318,0.0,3
Mean_PCA_1,pulp_fiction_6m.mp4,3,-0.10745532161655143,0.16506118409934353,-2.3111529834108397,0.012000000000000002,21
Mean_PCA_1,pulp_fiction_6m.mp4,4,-0.09587294550626468,0.12852400001072828,-1.7200956693598102,0.086,21
Mean_PCA_1,pulp_fiction_6m.mp4,5,-0.029846832082160376,-0.15111893102874424,1.1385124842174033,0.33199999999999985,6
Mean_PCA_1,pulp_fiction_6m.mp4,6,-0.6141994286467936,-0.5642655343393297,-0.1332193455312439,0.9259999999999999,1
