PCA,video,event_index,within_mean,across_mean,z,p,n_pairs
Mean_PCA_1,shawshank clip_6m.mp4,2,0.5549875662203402,-0.18835874161622376,5.422268939805907,0.0,6
Mean_PCA_1,shawshank clip_6m.mp4,3,0.22470492464681974,-0.3985616739473189,4.756065271664241,0.0,15
Mean_PCA_1,shawshank clip_6m.mp4,4,1.0,-0.11541427183738226,1.3579785689874753,0.0,1
Mean_PCA_1,shawshank clip_6m.mp4,5,0.5236757918444727,0.25622615942456717,1.2296069820475013,0.23199999999999998,6
Mean_PCA_1,shawshank clip_6m.mp4,6,-0.1581257991853836,0.03628086634108093,-1.1623772692080854,0.25,10
Mean_PCA_1,shawshank clip_6m.mp4,7,0.4448183629922541,0.12537430041007436,0.5485504746480271,0.9259999999999999,1
