PCA,video,event_index,within_mean,across_mean,z,p,n_pairs
Mean_PCA_1,the_prestige_6m.mp4,1,-0.0671122737556522,0.5397038531983315,-8.43942723417305,0.0,3
Mean_PCA_1,the_prestige_6m.mp4,2,-0.31506076086606605,0.5284921453200406,-12.371687980253535,0.0,3
Mean_PCA_1,the_prestige_6m.mp4,4,-0.0410850574092452,0.310758820453064,-2.010484279642082,0.0,1
Mean_PCA_1,the_prestige_6m.mp4,5,-0.06491468091799937,-0.02159867868394711,-0.5193115401510802,0.5920000000000001,28
Mean_PCA_1,the_prestige_6m.mp4,6,-0.08661361536283763,0.038144717848024,-1.5224009427629699,0.128,28
