Lag,PostMinusPre
10.0,-0.20056211969570706
15.0,-0.050927134975628806
20.0,-0.09444064923579544
30.0,0.008557138305931855
