Metric,p
Pre_mean_-20to0,-0.02103329574148903
Post_mean_0to20,-0.039070726745293376
Paired_t_on_mirrorDiff,-0.6129762126905574
Paired_p_on_mirrorDiff,0.5832322003442845
