mean_diff,weighted_diff,mean_z,weighted_z,fisher_stat,combined_p
0.7083872585752263,0.4360476640982573,1.8971883412723816,2.324601924766286,964.4681114904008,1.4205856906449194e-136
