participant_id,VideoName,CueWord,Response,RT (s)
030,c4.mp4,SURVEILLANCE,camera,5.0381302000023425
030,c4.mp4,CAMERA,watching,39.63229720003437
030,c4.mp4,WATCHING,microphone,8.006501500029117
030,c4.mp4,MICROPHONE,screen,2.418568800087087
030,c4.mp4,SCREEN,observing,7.9909622999839485
030,c4.mp4,OBSERVING,internet,15.59614389995113
030,c4.mp4,INTERNET,technology,6.672227000002749
030,c4.mp4,TECHNOLOGY,devices,91.739074000041
030,c4.mp4,DEVICES,panels,86.8188344000373
