participant_id,VideoName,CueWord,Response,RT (s)
09090909,shawshank.mp4,ESCAPE,fffff,-0.08485169999767095
09090909,shawshank.mp4,FFFFF,ff,0.9012651999946684
09090909,shawshank.mp4,FF,sdfsd,0.4505330999963917
09090909,shawshank.mp4,SDFSD,dsfsdf,0.46809060001396574
09090909,shawshank.mp4,DSFSDF,aa,1.0521756999951322
09090909,shawshank.mp4,AA,dfdf,0.9521267999953125
