PCA,video,event_index,within_mean,across_mean,z,p,n_pairs
Mean_PCA_3,Movie Task-c4,4,-0.0789728226355975,0.5140604621491067,-1.1331833525928832,0.0,1
Mean_PCA_3,Movie Task-c4,5,0.025737344330685686,0.19642266756434387,-0.9959617151154524,0.29,6
Mean_PCA_3,Movie Task-c4,6,-0.13199871623678378,-0.19981813652333733,0.552693536036128,0.5679999999999998,15
Mean_PCA_3,Movie Task-c4,7,0.07582147904251416,-0.2509369309506418,1.166633318586574,0.1499999999999999,3
Mean_PCA_3,Movie Task-c4,9,0.12889872030252614,0.041426855270000604,1.4765679988248166,0.1319999999999999,36
Mean_PCA_3,Movie Task-c4,10,-0.025718447817067707,0.06818259492274739,-1.7220414080483255,0.09600000000000002,45
Mean_PCA_3,Movie Task-c4,11,-0.2354913724638128,0.328267931966912,-2.225443832770236,0.0,1
