PCA,video,event_index,within_mean,across_mean,z,p,n_pairs
Mean_PCA_3,Movie Task-summer,1,-0.08831126653944286,0.0029689012131661743,-1.6248525191555712,0.15200000000000002,10
Mean_PCA_3,Movie Task-summer,2,-0.2358887763276593,-0.1793613488347675,-0.8622983521929941,0.9259999999999999,1
Mean_PCA_3,Movie Task-summer,3,-0.30398939296872735,-0.07830101963558078,-1.2402117412988818,0.37200000000000005,3
Mean_PCA_3,Movie Task-summer,4,0.056596924896944324,-0.10839447973778212,1.6823379238155511,0.0,3
Mean_PCA_3,Movie Task-summer,5,-0.019669549264636946,0.0011633387489937978,-0.4595482271726867,0.638,6
Mean_PCA_3,Movie Task-summer,6,-0.3214051550701503,0.507791062098767,-1.564268028933539,0.0,1
Mean_PCA_3,Movie Task-summer,7,-0.04246681340342723,0.3761341453141646,-3.502626600203294,0.0,6
Mean_PCA_3,Movie Task-summer,8,-0.007133814217579104,0.008306839443703954,-0.22208494916805785,0.8240000000000001,66
Mean_PCA_3,Movie Task-summer,11,-0.038556531953441,-0.1446866659214325,0.47640057124158947,0.926,1
