PCA,video,event_index,within_mean,across_mean,z,p,n_pairs
Mean_PCA_3,pulp_fiction_6m.mp4,1,0.4476778901206091,-0.048442721261923984,3.574925760885118e+16,0.0,1
Mean_PCA_3,pulp_fiction_6m.mp4,2,0.19155766474236233,0.44780238165101083,-0.8857130515412072,0.322,3
Mean_PCA_3,pulp_fiction_6m.mp4,3,-0.08157081663133758,0.45157440053591147,-5.73811413769386,0.0,21
Mean_PCA_3,pulp_fiction_6m.mp4,4,0.11922849841128516,0.29192626130132343,-1.545538939317388,0.13,21
Mean_PCA_3,pulp_fiction_6m.mp4,5,-0.1155193651778272,0.18530386253534203,-1.0742279859025106,0.276,6
Mean_PCA_3,pulp_fiction_6m.mp4,6,-0.6033383221056644,-0.07260767662699186,-2.1611479320299676,0.0,1
