PCA,video,event_index,within_mean,across_mean,z,p,n_pairs
Mean_PCA_3,shawshank clip_6m.mp4,2,0.0,-0.35775966697508543,2.712097697137059,0.0039999999999997815,6
Mean_PCA_3,shawshank clip_6m.mp4,3,0.12210252495392966,-0.285387604438196,3.8456196730482937,0.0,15
Mean_PCA_3,shawshank clip_6m.mp4,4,0.0576501506223068,-0.16673736411979562,0.710397336050421,0.9259999999999999,1
Mean_PCA_3,shawshank clip_6m.mp4,5,0.16931136469034982,-0.293731858857859,4.3796640869029355,0.0,6
Mean_PCA_3,shawshank clip_6m.mp4,6,-0.04778573018781106,-0.15561796913378523,0.7791861458485172,0.43999999999999995,10
Mean_PCA_3,shawshank clip_6m.mp4,7,-0.8126419355474351,-0.3085563200104689,-0.7851346433724563,0.926,1
