PCA,video,event_index,within_mean,across_mean,z,p,n_pairs
Mean_PCA_3,the_prestige_6m.mp4,1,-0.2870082633759662,0.5912472180930419,-3.5488342297708444,0.0,3
Mean_PCA_3,the_prestige_6m.mp4,2,0.9079892596531066,-0.04605157275228193,2.426273266767152,0.0,3
Mean_PCA_3,the_prestige_6m.mp4,4,0.7050290146634723,0.671416101033814,0.353868450371123,0.9259999999999999,1
Mean_PCA_3,the_prestige_6m.mp4,5,-0.0889128691605683,0.1588939763382417,-2.7040465076268214,0.008,28
Mean_PCA_3,the_prestige_6m.mp4,6,-0.014176636605375001,-0.14167601286761106,1.4331765319555845,0.14399999999999968,28
