mean_diff,weighted_diff,mean_z,weighted_z,fisher_stat,combined_p
0.702854676229849,0.35106139800100905,1.7633383054173835,1.587774428545458,939.7098000636801,8.32188554503891e-132
