network,gradient_1,gradient_2,gradient_3,gradient_4,gradient_5,mean_timescale
Global,3.011764705882353,3.011764705882353,14.222222222222221,36.57142857142857,2.1333333333333333,11.790102707749766
