PCA,n_events,within_mean,across_mean,mean_diff,z,p_two_tailed
Mean_PCA_5,55,0.13332911272788345,0.10652278576700672,0.02680632696087673,0.293848261277457,0.788
